Tanggal,Nama Gempa,Jumlah,Amplitudo Min (mm),Amplitudo Max (mm),Durasi Min (detik),Durasi Max (detik)
01 Januari 2025,Hembusan,12,2.2,7.4,29.0,167.0
01 Januari 2025,Harmonik,3,1.48,2.9,78.0,807.0
01 Januari 2025,Low Frequency,2,4.4,7.4,34.0,58.0
01 Januari 2025,Vulkanik Dalam,5,2.9,7.4,10.0,14.0
01 Januari 2025,Tektonik Lokal,2,4.4,7.4,22.0,33.0
01 Januari 2025,Tektonik Jauh,9,2.2,44.0,47.0,148.0
02 Januari 2025,Hembusan,25,2.2,8.1,26.0,183.0
02 Januari 2025,Harmonik,2,2.9,5.9,58.0,82.0
02 Januari 2025,Vulkanik Dangkal,1,,3.7,,16.0
02 Januari 2025,Vulkanik Dalam,11,2.2,5.9,12.0,20.0
02 Januari 2025,Tektonik Lokal,1,,14.8,,35.0
02 Januari 2025,Tektonik Jauh,5,2.2,5.9,43.0,120.0
03 Januari 2025,Hembusan,35,2.9,8.8,20.0,224.0
03 Januari 2025,Harmonik,16,2.9,7.4,21.0,181.0
03 Januari 2025,Tektonik Lokal,2,2.9,17.7,27.0,32.0
03 Januari 2025,Tektonik Jauh,5,2.9,18.5,62.0,241.0
04 Januari 2025,Hembusan,14,2.9,7.4,50.0,257.0
04 Januari 2025,Harmonik,14,2.9,7.4,62.0,165.0
04 Januari 2025,Low Frequency,4,2.2,11.0,39.0,57.0
04 Januari 2025,Vulkanik Dalam,2,4.4,5.3,11.0,14.0
04 Januari 2025,Tektonik Lokal,1,,7.4,,23.0
04 Januari 2025,Tektonik Jauh,5,5.9,29.6,51.0,140.0
05 Januari 2025,Hembusan,18,2.9,10.5,28.0,257.0
05 Januari 2025,Harmonik,2,3.7,7.4,52.0,104.0
05 Januari 2025,Low Frequency,1,,5.3,,34.0
05 Januari 2025,Vulkanik Dangkal,3,14.8,44.4,8.0,10.0
05 Januari 2025,Vulkanik Dalam,6,2.9,10.5,9.0,16.0
05 Januari 2025,Tektonik Lokal,1,,2.9,,24.0
05 Januari 2025,Tektonik Jauh,9,5.3,47.3,40.0,229.0
06 Januari 2025,Hembusan,20,2.9,7.4,30.0,215.0
06 Januari 2025,Harmonik,27,2.2,7.4,32.0,281.0
06 Januari 2025,Vulkanik Dalam,15,2.9,20.7,8.0,14.0
06 Januari 2025,Tektonik Jauh,5,4.4,11.0,56.0,221.0
07 Januari 2025,Hembusan,11,2.2,7.4,21.0,141.0
07 Januari 2025,Harmonik,35,2.9,7.4,23.0,232.0
07 Januari 2025,Low Frequency,1,,5.3,,22.0
07 Januari 2025,Vulkanik Dalam,13,2.9,14.8,8.0,14.0
07 Januari 2025,Tektonik Lokal,2,2.9,10.5,20.0,30.0
07 Januari 2025,Tektonik Jauh,10,2.9,44.4,37.0,295.0
08 Januari 2025,Hembusan,40,2.2,10.5,24.0,234.0
08 Januari 2025,Harmonik,4,4.4,7.4,59.0,101.0
08 Januari 2025,Vulkanik Dangkal,4,10.5,22.2,8.0,15.0
08 Januari 2025,Vulkanik Dalam,7,2.9,7.4,8.0,17.0
08 Januari 2025,Tektonik Lokal,1,,2.9,,62.0
08 Januari 2025,Tektonik Jauh,6,2.2,22.2,74.0,227.0
09 Januari 2025,Hembusan,18,2.2,7.4,22.0,180.0
09 Januari 2025,Harmonik,26,2.2,7.4,72.0,402.0
09 Januari 2025,Low Frequency,1,,2.9,,54.0
09 Januari 2025,Vulkanik Dalam,6,2.2,19.2,9.0,20.0
09 Januari 2025,Tektonik Lokal,1,,8.8,,20.0
09 Januari 2025,Tektonik Jauh,6,2.2,22.0,55.0,278.0
10 Januari 2025,Hembusan,31,2.2,7.4,28.0,325.0
10 Januari 2025,Harmonik,5,3.7,7.4,31.0,265.0
10 Januari 2025,Vulkanik Dalam,1,,5.8,,19.0
10 Januari 2025,Tektonik Jauh,6,2.9,14.8,50.0,219.0
10 Januari 2025,Getaran Banjir,3,4.4,22.2,438.0,1691.0
11 Januari 2025,Hembusan,47,2.9,14.8,22.0,375.0
11 Januari 2025,Harmonik,5,2.9,7.4,20.0,123.0
11 Januari 2025,Low Frequency,1,,10.5,,53.0
11 Januari 2025,Vulkanik Dalam,5,2.9,47.3,8.0,18.0
11 Januari 2025,Tektonik Jauh,13,2.9,47.3,42.0,179.0
12 Januari 2025,Hembusan,20,2.9,7.4,23.0,552.0
12 Januari 2025,Harmonik,5,4.4,7.4,33.0,184.0
12 Januari 2025,Low Frequency,4,7.4,14.8,22.0,28.0
12 Januari 2025,Vulkanik Dalam,17,2.9,47.3,8.0,16.0
12 Januari 2025,Tektonik Lokal,1,,2.9,,26.0
12 Januari 2025,Tektonik Jauh,9,2.9,29.6,46.0,116.0
13 Januari 2025,Hembusan,28,2.9,10.5,36.0,302.0
13 Januari 2025,Harmonik,6,3.7,7.4,30.0,261.0
13 Januari 2025,Low Frequency,2,2.9,4.4,24.0,33.0
13 Januari 2025,Vulkanik Dalam,18,2.9,44.4,7.0,14.0
13 Januari 2025,Tektonik Lokal,2,7.4,22.2,20.0,23.0
13 Januari 2025,Tektonik Jauh,12,2.9,44.4,53.0,348.0
14 Januari 2025,Hembusan,23,2.9,14.8,23.0,160.0
14 Januari 2025,Harmonik,21,2.2,7.4,43.0,420.0
14 Januari 2025,Low Frequency,1,,4.4,,24.0
14 Januari 2025,Vulkanik Dalam,7,3.7,47.3,8.0,15.0
14 Januari 2025,Tektonik Jauh,4,4.4,7.4,46.0,123.0
15 Januari 2025,Hembusan,43,2.2,11.0,22.0,264.0
15 Januari 2025,Harmonik,11,2.9,14.8,22.0,150.0
15 Januari 2025,Low Frequency,1,,4.4,,37.0
15 Januari 2025,Vulkanik Dalam,10,4.4,44.4,8.0,15.0
15 Januari 2025,Tektonik Lokal,2,10.5,47.3,25.0,44.0
15 Januari 2025,Tektonik Jauh,4,4.4,22.0,70.0,216.0
16 Januari 2025,Hembusan,16,2.9,14.8,28.0,143.0
16 Januari 2025,Harmonik,6,4.4,14.8,104.0,162.0
16 Januari 2025,Vulkanik Dalam,2,37.0,47.3,7.0,15.0
16 Januari 2025,Tektonik Lokal,2,7.4,22.0,23.0,34.0
16 Januari 2025,Tektonik Jauh,6,2.9,44.0,96.0,316.0
17 Januari 2025,Hembusan,20,2.9,8.1,30.0,304.0
17 Januari 2025,Harmonik,12,2.9,7.4,45.0,252.0
17 Januari 2025,Low Frequency,4,3.7,4.4,22.0,46.0
17 Januari 2025,Vulkanik Dangkal,1,,4.4,,12.0
17 Januari 2025,Vulkanik Dalam,5,4.4,29.6,8.0,14.0
17 Januari 2025,Tektonik Lokal,8,9.6,47.3,24.0,43.0
17 Januari 2025,Tektonik Jauh,1,,7.4,,53.0
18 Januari 2025,Hembusan,23,3.7,10.5,27.0,246.0
18 Januari 2025,Harmonik,5,4.4,7.4,43.0,328.0
18 Januari 2025,Vulkanik Dalam,3,7.4,29.6,10.0,16.0
18 Januari 2025,Tektonik Lokal,4,4.4,44.4,23.0,31.0
18 Januari 2025,Tektonik Jauh,7,4.4,44.0,44.0,109.0
19 Januari 2025,Hembusan,49,2.9,29.6,24.0,192.0
19 Januari 2025,Harmonik,7,4.4,22.2,25.0,71.0
19 Januari 2025,Low Frequency,1,,4.4,,25.0
19 Januari 2025,Vulkanik Dalam,1,,7.4,,10.0
19 Januari 2025,Tektonik Jauh,2,2.9,44.4,59.0,109.0
19 Januari 2025,Getaran Banjir,1,,10.5,,2056.0
20 Januari 2025,Hembusan,30,2.9,22.2,39.0,202.0
20 Januari 2025,Harmonik,6,3.7,7.4,44.0,162.0
20 Januari 2025,Vulkanik Dalam,1,,29.6,,14.0
20 Januari 2025,Tektonik Lokal,1,,11.0,,32.0
20 Januari 2025,Tektonik Jauh,9,3.7,47.3,51.0,190.0
21 Januari 2025,Hembusan,19,2.9,11.0,37.0,139.0
21 Januari 2025,Harmonik,10,5.1,7.4,43.0,287.0
21 Januari 2025,Low Frequency,1,,7.4,,35.0
21 Januari 2025,Vulkanik Dalam,2,4.4,7.4,12.0,13.0
21 Januari 2025,Tektonik Lokal,2,7.4,22.0,23.0,24.0
21 Januari 2025,Tektonik Jauh,5,4.4,14.8,41.0,235.0
21 Januari 2025,Getaran Banjir,1,,47.3,,3282.0
22 Januari 2025,Hembusan,40,2.9,29.6,24.0,249.0
22 Januari 2025,Harmonik,3,2.9,7.4,47.0,161.0
22 Januari 2025,Low Frequency,4,2.2,29.6,31.0,64.0
22 Januari 2025,Vulkanik Dalam,3,7.4,22.2,10.0,18.0
22 Januari 2025,Tektonik Lokal,2,10.5,44.4,37.0,44.0
22 Januari 2025,Tektonik Jauh,4,5.9,47.3,54.0,140.0
23 Januari 2025,Hembusan,40,2.9,29.6,23.0,229.0
23 Januari 2025,Harmonik,7,4.4,10.5,24.0,163.0
23 Januari 2025,Low Frequency,3,2.9,10.5,27.0,39.0
23 Januari 2025,Vulkanik Dalam,2,2.9,14.8,10.0,13.0
23 Januari 2025,Tektonik Lokal,1,,4.4,,36.0
23 Januari 2025,Tektonik Jauh,10,2.9,29.6,40.0,308.0
24 Januari 2025,Hembusan,17,2.2,14.8,35.0,269.0
24 Januari 2025,Harmonik,20,2.2,7.4,52.0,270.0
24 Januari 2025,Vulkanik Dalam,7,3.7,7.4,10.0,15.0
24 Januari 2025,Tektonik Lokal,2,4.4,11.0,19.0,22.0
24 Januari 2025,Tektonik Jauh,11,2.2,47.3,47.0,299.0
25 Januari 2025,Hembusan,24,2.9,14.8,44.0,209.0
25 Januari 2025,Harmonik,13,3.7,7.4,49.0,268.0
25 Januari 2025,Low Frequency,2,2.9,4.4,25.0,37.0
25 Januari 2025,Vulkanik Dalam,6,5.9,29.6,12.0,19.0
25 Januari 2025,Tektonik Lokal,3,5.9,29.6,23.0,41.0
25 Januari 2025,Tektonik Jauh,2,2.9,5.9,114.0,308.0
25 Januari 2025,Getaran Banjir,1,,44.0,,1472.0
26 Januari 2025,Hembusan,20,2.2,14.8,22.0,260.0
26 Januari 2025,Harmonik,4,2.2,5.3,28.0,399.0
26 Januari 2025,Low Frequency,3,2.9,4.4,23.0,55.0
26 Januari 2025,Vulkanik Dalam,1,,7.4,,11.0
26 Januari 2025,Tektonik Lokal,2,7.4,10.5,27.0,30.0
26 Januari 2025,Tektonik Jauh,8,2.9,10.5,48.0,134.0
27 Januari 2025,Hembusan,22,2.9,10.5,29.0,189.0
27 Januari 2025,Harmonik,9,4.4,10.5,22.0,179.0
27 Januari 2025,Low Frequency,2,,4.4,20.0,38.0
27 Januari 2025,Vulkanik Dangkal,1,,14.8,,12.0
27 Januari 2025,Vulkanik Dalam,3,2.9,29.6,10.0,14.0
27 Januari 2025,Tektonik Lokal,1,,4.4,,29.0
27 Januari 2025,Tektonik Jauh,5,2.2,14.8,50.0,188.0
28 Januari 2025,Hembusan,20,2.9,14.8,31.0,201.0
28 Januari 2025,Harmonik,12,2.9,7.4,52.0,202.0
28 Januari 2025,Low Frequency,2,2.9,4.4,34.0,192.0
28 Januari 2025,Tektonik Lokal,3,2.9,47.3,29.0,48.0
28 Januari 2025,Tektonik Jauh,6,2.9,29.6,46.0,251.0
29 Januari 2025,Hembusan,12,2.9,7.4,31.0,155.0
29 Januari 2025,Harmonik,10,2.9,7.4,72.0,211.0
29 Januari 2025,Vulkanik Dalam,5,3.7,37.0,8.0,12.0
29 Januari 2025,Tektonik Jauh,9,2.9,14.8,61.0,258.0
30 Januari 2025,Hembusan,17,2.9,7.4,48.0,294.0
30 Januari 2025,Harmonik,3,5.9,7.4,49.0,75.0
30 Januari 2025,Vulkanik Dalam,6,5.9,47.3,10.0,14.0
30 Januari 2025,Tektonik Lokal,1,,3.7,,21.0
30 Januari 2025,Tektonik Jauh,4,14.8,22.2,42.0,136.0
31 Januari 2025,Hembusan,29,2.2,14.8,24.0,294.0
31 Januari 2025,Harmonik,1,,7.4,,85.0
31 Januari 2025,Vulkanik Dangkal,1,,4.4,,9.0
31 Januari 2025,Vulkanik Dalam,2,7.4,44.4,10.0,11.0
31 Januari 2025,Tektonik Lokal,1,,7.4,,35.0
31 Januari 2025,Tektonik Jauh,4,2.9,47.3,65.0,258.0
01 Februari 2025,Hembusan,10,2.9,7.4,34.0,130.0
01 Februari 2025,Harmonik,14,3.7,22.0,84.0,225.0
01 Februari 2025,Vulkanik Dalam,1,,4.4,,9.0
01 Februari 2025,Tektonik Jauh,6,5.9,11.0,62.0,202.0
01 Februari 2025,Getaran Banjir,1,,47.3,,2685.0
02 Februari 2025,Hembusan,12,3.7,7.4,27.0,83.0
02 Februari 2025,Harmonik,4,2.9,4.4,43.0,95.0
02 Februari 2025,Vulkanik Dalam,1,,4.4,,9.0
02 Februari 2025,Tektonik Jauh,6,4.4,14.8,33.0,113.0
03 Februari 2025,Hembusan,24,2.9,29.6,33.0,200.0
03 Februari 2025,Harmonik,2,5.9,10.5,81.0,87.0
03 Februari 2025,Vulkanik Dalam,2,4.4,5.9,13.0,15.0
03 Februari 2025,Tektonik Jauh,4,5.9,10.5,44.0,233.0
04 Februari 2025,Hembusan,24,2.9,14.8,30.0,186.0
04 Februari 2025,Harmonik,5,,7.4,21.0,104.0
04 Februari 2025,Low Frequency,1,,10.5,,42.0
04 Februari 2025,Vulkanik Dalam,3,3.7,7.4,10.0,15.0
04 Februari 2025,Tektonik Jauh,7,7.4,44.4,71.0,190.0
05 Februari 2025,Hembusan,25,2.9,7.4,26.0,183.0
05 Februari 2025,Harmonik,17,4.4,18.5,49.0,182.0
05 Februari 2025,Vulkanik Dalam,1,,11.0,,9.0
05 Februari 2025,Tektonik Jauh,4,3.7,29.6,43.0,329.0
06 Februari 2025,Hembusan,17,2.9,14.8,34.0,147.0
06 Februari 2025,Harmonik,11,4.4,22.0,48.0,156.0
06 Februari 2025,Low Frequency,2,4.4,7.4,26.0,30.0
06 Februari 2025,Vulkanik Dalam,4,3.7,14.8,11.0,13.0
06 Februari 2025,Tektonik Lokal,4,10.3,18.5,19.0,27.0
06 Februari 2025,Tektonik Jauh,6,5.3,11.0,70.0,160.0
07 Februari 2025,Hembusan,27,2.9,29.6,25.0,163.0
07 Februari 2025,Harmonik,3,7.4,10.5,23.0,81.0
07 Februari 2025,Tektonik Lokal,1,,14.8,,22.0
07 Februari 2025,Tektonik Jauh,9,3.7,22.2,44.0,281.0
08 Februari 2025,Hembusan,27,2.9,29.6,30.0,126.0
08 Februari 2025,Harmonik,1,,5.9,,103.0
08 Februari 2025,Low Frequency,1,,22.2,,24.0
08 Februari 2025,Tektonik Jauh,1,,7.4,,60.0
09 Februari 2025,Hembusan,16,2.9,27.3,22.0,101.0
09 Februari 2025,Harmonik,3,3.7,5.9,104.0,164.0
09 Februari 2025,Low Frequency,2,4.4,14.8,25.0,33.0
09 Februari 2025,Vulkanik Dalam,2,5.9,11.0,10.0,13.0
09 Februari 2025,Tektonik Jauh,4,5.9,47.3,35.0,361.0
10 Februari 2025,Hembusan,6,2.9,14.8,37.0,60.0
10 Februari 2025,Harmonik,3,5.3,7.4,67.0,143.0
10 Februari 2025,Low Frequency,1,,7.4,,26.0
10 Februari 2025,Vulkanik Dalam,2,5.9,11.0,10.0,12.0
10 Februari 2025,Tektonik Jauh,9,3.7,47.3,38.0,161.0
11 Februari 2025,Hembusan,26,4.4,22.2,21.0,103.0
11 Februari 2025,Harmonik,3,4.4,22.2,22.0,42.0
11 Februari 2025,Low Frequency,1,,4.4,,30.0
11 Februari 2025,Vulkanik Dalam,3,14.8,29.6,11.0,13.0
11 Februari 2025,Tektonik Jauh,2,10.5,29.6,44.0,47.0
12 Februari 2025,Hembusan,27,3.7,37.0,22.0,110.0
12 Februari 2025,Harmonik,17,4.4,14.8,14.0,176.0
12 Februari 2025,Low Frequency,13,7.4,44.4,17.0,53.0
12 Februari 2025,Vulkanik Dangkal,7,10.5,14.8,9.0,16.0
12 Februari 2025,Vulkanik Dalam,92,4.4,47.3,9.0,19.0
12 Februari 2025,Tektonik Lokal,6,14.8,47.3,23.0,30.0
12 Februari 2025,Tektonik Jauh,2,7.4,10.5,70.0,151.0
12 Februari 2025,Getaran Banjir,1,,47.3,,3194.0
13 Februari 2025,Hembusan,32,3.7,37.0,25.0,110.0
13 Februari 2025,Harmonik,12,4.4,10.5,71.0,149.0
13 Februari 2025,Low Frequency,8,5.9,44.4,21.0,41.0
13 Februari 2025,Vulkanik Dalam,36,3.7,47.3,9.0,24.0
13 Februari 2025,Tektonik Jauh,8,5.9,29.6,45.0,301.0
14 Februari 2025,Hembusan,4,2.2,7.4,27.0,347.0
14 Februari 2025,Harmonik,17,3.7,7.4,38.0,198.0
14 Februari 2025,Low Frequency,1,,7.4,,36.0
14 Februari 2025,Vulkanik Dalam,2,4.4,47.3,12.0,15.0
14 Februari 2025,Tektonik Jauh,9,2.9,29.6,45.0,375.0
15 Februari 2025,Hembusan,24,2.2,7.4,22.0,302.0
15 Februari 2025,Harmonik,10,2.2,7.4,32.0,293.0
15 Februari 2025,Vulkanik Dalam,2,2.9,7.4,11.0,17.0
15 Februari 2025,Tektonik Jauh,10,2.9,14.8,53.0,209.0
16 Februari 2025,Hembusan,17,2.2,5.9,28.0,223.0
16 Februari 2025,Harmonik,6,2.2,5.9,56.0,124.0
16 Februari 2025,Low Frequency,2,5.9,7.4,27.0,32.0
16 Februari 2025,Vulkanik Dalam,2,,4.4,11.0,13.0
16 Februari 2025,Tektonik Jauh,6,2.9,14.8,35.0,155.0
17 Februari 2025,Hembusan,52,2.2,10.5,23.0,219.0
17 Februari 2025,Harmonik,1,,7.4,,189.0
17 Februari 2025,Low Frequency,2,2.2,3.7,28.0,34.0
17 Februari 2025,Vulkanik Dalam,1,,7.4,,9.0
17 Februari 2025,Tektonik Jauh,7,2.9,47.3,50.0,157.0
17 Februari 2025,Getaran Banjir,1,,5.9,,593.0
18 Februari 2025,Hembusan,22,2.9,7.4,23.0,198.0
18 Februari 2025,Harmonik,12,2.9,7.4,77.0,186.0
18 Februari 2025,Vulkanik Dalam,1,,2.9,,10.0
18 Februari 2025,Tektonik Lokal,1,,5.9,,22.0
18 Februari 2025,Tektonik Jauh,4,2.9,37.0,48.0,180.0
19 Februari 2025,Hembusan,32,2.2,10.5,20.0,189.0
19 Februari 2025,Harmonik,3,2.2,5.9,27.0,97.0
19 Februari 2025,Vulkanik Dalam,4,7.4,47.3,9.0,15.0
19 Februari 2025,Tektonik Jauh,9,2.9,47.3,47.0,251.0
20 Februari 2025,Hembusan,19,2.9,7.4,24.0,213.0
20 Februari 2025,Harmonik,10,3.7,7.4,66.0,129.0
20 Februari 2025,Vulkanik Dalam,1,,11.0,,10.0
20 Februari 2025,Tektonik Lokal,1,,7.4,,27.0
20 Februari 2025,Tektonik Jauh,1,,7.4,,45.0
21 Februari 2025,Hembusan,29,2.9,29.6,29.0,190.0
21 Februari 2025,Harmonik,10,3.7,7.4,38.0,264.0
21 Februari 2025,Low Frequency,6,2.9,22.2,24.0,51.0
21 Februari 2025,Vulkanik Dalam,3,2.9,47.3,11.0,14.0
21 Februari 2025,Tektonik Lokal,1,,14.8,,40.0
21 Februari 2025,Tektonik Jauh,1,,2.9,,61.0
22 Februari 2025,Hembusan,50,2.9,37.0,34.0,199.0
22 Februari 2025,Harmonik,2,3.7,4.4,114.0,141.0
22 Februari 2025,Vulkanik Dalam,2,5.1,7.4,9.0,11.0
22 Februari 2025,Tektonik Lokal,1,,14.8,,27.0
22 Februari 2025,Tektonik Jauh,8,4.4,44.0,44.0,149.0
22 Februari 2025,Getaran Banjir,1,,47.3,,817.0
23 Februari 2025,Hembusan,19,2.2,7.4,25.0,160.0
23 Februari 2025,Harmonik,1,,3.7,,28.0
23 Februari 2025,Vulkanik Dalam,1,,4.4,,10.0
23 Februari 2025,Tektonik Lokal,1,,7.4,,22.0
23 Februari 2025,Tektonik Jauh,9,2.2,7.4,79.0,203.0
23 Februari 2025,Getaran Banjir,2,29.6,47.3,1006.0,2678.0
24 Februari 2025,Hembusan,27,2.9,28.1,34.0,224.0
24 Februari 2025,Harmonik,8,2.9,7.4,26.0,254.0
24 Februari 2025,Vulkanik Dalam,3,4.4,18.5,9.0,16.0
24 Februari 2025,Tektonik Lokal,1,,4.4,,23.0
24 Februari 2025,Tektonik Jauh,5,4.4,47.3,47.0,429.0
24 Februari 2025,Getaran Banjir,1,,47.3,,3142.0
25 Februari 2025,Hembusan,34,3.7,22.2,38.0,126.0
25 Februari 2025,Harmonik,6,4.4,7.4,85.0,299.0
25 Februari 2025,Vulkanik Dalam,3,7.4,22.0,12.0,16.0
25 Februari 2025,Tektonik Jauh,5,4.4,14.8,41.0,263.0
26 Februari 2025,Hembusan,18,4.4,47.3,32.0,168.0
26 Februari 2025,Harmonik,9,4.4,14.8,32.0,228.0
26 Februari 2025,Vulkanik Dalam,2,5.1,11.0,10.0,14.0
26 Februari 2025,Tektonik Jauh,4,7.4,14.8,55.0,247.0
27 Februari 2025,Hembusan,17,4.4,25.9,28.0,239.0
27 Februari 2025,Harmonik,2,3.7,7.4,84.0,103.0
27 Februari 2025,Tektonik Lokal,1,,2.9,,31.0
27 Februari 2025,Tektonik Jauh,5,2.2,47.3,51.0,239.0
27 Februari 2025,Getaran Banjir,1,,47.3,,2034.0
28 Februari 2025,Hembusan,12,2.9,14.8,32.0,231.0
28 Februari 2025,Harmonik,10,4.4,7.4,43.0,315.0
28 Februari 2025,Vulkanik Dalam,1,,3.7,,9.0
28 Februari 2025,Tektonik Lokal,1,,5.9,,35.0
28 Februari 2025,Tektonik Jauh,8,2.2,47.3,51.0,169.0
01 Maret 2025,Hembusan,18,2.2,14.8,30.0,167.0
01 Maret 2025,Harmonik,5,3.7,5.1,70.0,155.0
01 Maret 2025,Low Frequency,1,,4.4,,30.0
01 Maret 2025,Vulkanik Dalam,2,2.9,4.4,,12.0
01 Maret 2025,Tektonik Jauh,10,2.2,29.6,48.0,280.0
02 Maret 2025,Hembusan,22,2.9,14.8,37.0,161.0
02 Maret 2025,Harmonik,6,2.9,7.4,38.0,286.0
02 Maret 2025,Tornillo,2,2.9,5.1,91.0,142.0
02 Maret 2025,Low Frequency,2,2.9,11.0,30.0,33.0
02 Maret 2025,Vulkanik Dalam,2,2.2,3.7,14.0,15.0
02 Maret 2025,Tektonik Lokal,2,2.9,7.4,29.0,33.0
02 Maret 2025,Tektonik Jauh,10,2.9,44.0,39.0,127.0
03 Maret 2025,Hembusan,22,3.7,14.8,25.0,140.0
03 Maret 2025,Harmonik,15,2.9,7.4,53.0,130.0
03 Maret 2025,Tektonik Lokal,2,,4.4,21.0,33.0
03 Maret 2025,Tektonik Jauh,8,2.2,44.4,43.0,144.0
04 Maret 2025,Hembusan,17,2.9,7.4,24.0,131.0
04 Maret 2025,Harmonik,7,2.9,10.5,32.0,86.0
04 Maret 2025,Vulkanik Dalam,3,2.9,10.5,11.0,15.0
04 Maret 2025,Tektonik Lokal,1,,4.4,,22.0
04 Maret 2025,Tektonik Jauh,9,2.9,29.6,40.0,144.0
05 Maret 2025,Hembusan,19,2.9,14.8,21.0,143.0
05 Maret 2025,Harmonik,4,5.9,7.4,20.0,46.0
05 Maret 2025,Vulkanik Dalam,2,7.4,44.4,,10.0
05 Maret 2025,Tektonik Jauh,7,2.9,47.3,57.0,109.0
06 Maret 2025,Hembusan,16,2.9,10.5,53.0,154.0
06 Maret 2025,Harmonik,11,2.9,5.9,74.0,196.0
06 Maret 2025,Vulkanik Dalam,2,3.7,47.3,11.0,12.0
06 Maret 2025,Tektonik Lokal,3,4.4,14.8,25.0,34.0
06 Maret 2025,Tektonik Jauh,3,4.4,44.4,57.0,113.0
07 Maret 2025,Hembusan,19,2.9,29.6,30.0,122.0
07 Maret 2025,Harmonik,14,2.2,7.4,58.0,147.0
07 Maret 2025,Low Frequency,1,,11.0,,22.0
07 Maret 2025,Vulkanik Dalam,3,3.7,5.9,9.0,16.0
07 Maret 2025,Tektonik Lokal,5,2.9,47.3,24.0,99.0
07 Maret 2025,Tektonik Jauh,6,4.4,29.6,33.0,197.0
08 Maret 2025,Hembusan,22,2.2,22.2,23.0,185.0
08 Maret 2025,Harmonik,6,2.2,7.4,36.0,125.0
08 Maret 2025,Vulkanik Dalam,1,,4.4,,12.0
08 Maret 2025,Tektonik Lokal,3,4.4,29.6,21.0,38.0
08 Maret 2025,Tektonik Jauh,9,2.2,29.6,50.0,200.0
09 Maret 2025,Hembusan,25,2.2,7.4,20.0,245.0
09 Maret 2025,Harmonik,2,,4.4,136.0,153.0
09 Maret 2025,Vulkanik Dalam,1,,2.2,,10.0
09 Maret 2025,Tektonik Lokal,2,,4.4,20.0,26.0
09 Maret 2025,Tektonik Jauh,6,2.9,29.6,72.0,164.0
10 Maret 2025,Hembusan,23,2.2,7.4,11.0,183.0
10 Maret 2025,Harmonik,13,3.7,10.5,80.0,320.0
10 Maret 2025,Tektonik Jauh,5,3.7,47.3,48.0,204.0
11 Maret 2025,Hembusan,8,3.7,7.4,55.0,112.0
11 Maret 2025,Harmonik,12,4.4,7.4,57.0,143.0
11 Maret 2025,Tektonik Jauh,3,5.9,11.0,55.0,66.0
12 Maret 2025,Hembusan,25,2.6,7.4,21.0,181.0
12 Maret 2025,Harmonik,13,4.4,7.4,40.0,169.0
12 Maret 2025,Tektonik Lokal,1,,14.8,,23.0
12 Maret 2025,Tektonik Jauh,3,2.9,7.4,43.0,272.0
13 Maret 2025,Hembusan,27,2.9,22.2,22.0,170.0
13 Maret 2025,Harmonik,7,2.9,7.4,67.0,147.0
13 Maret 2025,Low Frequency,1,,14.8,,27.0
13 Maret 2025,Vulkanik Dalam,6,4.4,44.4,10.0,18.0
13 Maret 2025,Tektonik Jauh,7,3.9,22.2,41.0,245.0
13 Maret 2025,Getaran Banjir,2,,47.3,1083.0,1853.0
14 Maret 2025,Hembusan,28,2.9,22.2,22.0,198.0
14 Maret 2025,Harmonik,9,3.7,7.4,69.0,301.0
14 Maret 2025,Low Frequency,1,,14.8,,30.0
14 Maret 2025,Tektonik Jauh,3,2.9,22.0,59.0,186.0
14 Maret 2025,Getaran Banjir,1,,47.3,,3187.0
15 Maret 2025,Hembusan,17,2.9,22.0,20.0,194.0
15 Maret 2025,Harmonik,7,3.7,7.4,34.0,128.0
15 Maret 2025,Vulkanik Dalam,8,4.4,22.2,10.0,15.0
15 Maret 2025,Tektonik Lokal,1,,5.9,,32.0
15 Maret 2025,Tektonik Jauh,7,3.7,22.0,41.0,78.0
16 Maret 2025,Hembusan,22,2.9,7.4,27.0,133.0
16 Maret 2025,Harmonik,12,2.9,7.4,79.0,249.0
16 Maret 2025,Tornillo,1,,4.4,,28.0
16 Maret 2025,Vulkanik Dalam,2,2.9,3.7,12.0,15.0
16 Maret 2025,Tektonik Lokal,4,29.0,47.3,82.0,264.0
16 Maret 2025,Tektonik Jauh,2,2.9,14.8,97.0,126.0
17 Maret 2025,Hembusan,20,2.9,10.5,31.0,291.0
17 Maret 2025,Harmonik,2,,7.4,76.0,86.0
17 Maret 2025,Tektonik Lokal,1,,4.4,,31.0
17 Maret 2025,Tektonik Jauh,4,2.9,22.2,54.0,245.0
18 Maret 2025,Hembusan,9,2.9,7.4,21.0,139.0
18 Maret 2025,Harmonik,15,2.9,7.4,59.0,264.0
18 Maret 2025,Tektonik Jauh,12,2.9,47.3,55.0,281.0
19 Maret 2025,Hembusan,13,2.9,7.4,27.0,117.0
19 Maret 2025,Harmonik,14,3.7,11.0,51.0,309.0
19 Maret 2025,Low Frequency,2,5.9,7.4,21.0,29.0
19 Maret 2025,Vulkanik Dalam,6,11.0,44.4,10.0,16.0
19 Maret 2025,Tektonik Lokal,2,2.9,7.4,29.0,41.0
19 Maret 2025,Tektonik Jauh,9,2.9,29.6,41.0,272.0
20 Maret 2025,Hembusan,73,3.7,47.3,20.0,124.0
20 Maret 2025,Harmonik,4,2.9,14.8,60.0,83.0
20 Maret 2025,Low Frequency,8,7.4,47.3,33.0,50.0
20 Maret 2025,Vulkanik Dangkal,1,,47.3,,15.0
20 Maret 2025,Vulkanik Dalam,202,4.4,47.3,8.0,29.0
20 Maret 2025,Tektonik Lokal,10,7.4,47.3,22.0,38.0
20 Maret 2025,Tektonik Jauh,4,14.8,47.3,46.0,75.0
21 Maret 2025,Hembusan,50,2.9,47.3,22.0,107.0
21 Maret 2025,Harmonik,17,2.9,7.4,20.0,215.0
21 Maret 2025,Low Frequency,1,,2.9,,22.0
21 Maret 2025,Vulkanik Dalam,16,3.7,47.3,11.0,22.0
21 Maret 2025,Tektonik Jauh,5,5.1,29.6,43.0,166.0
22 Maret 2025,Hembusan,13,2.9,11.0,35.0,122.0
22 Maret 2025,Harmonik,9,2.9,7.4,33.0,197.0
22 Maret 2025,Low Frequency,2,11.0,47.3,23.0,45.0
22 Maret 2025,Vulkanik Dalam,16,2.9,44.0,8.0,19.0
22 Maret 2025,Tektonik Lokal,3,11.0,18.5,20.0,30.0
22 Maret 2025,Getaran Banjir,2,,47.3,2411.0,2521.0
23 Maret 2025,Hembusan,10,2.2,11.0,26.0,140.0
23 Maret 2025,Harmonik,21,2.9,7.4,22.0,146.0
23 Maret 2025,Vulkanik Dalam,2,2.9,7.4,12.0,14.0
23 Maret 2025,Tektonik Lokal,2,3.7,4.4,26.0,33.0
23 Maret 2025,Tektonik Jauh,7,2.2,47.3,61.0,223.0
24 Maret 2025,Hembusan,12,2.2,7.4,37.0,169.0
24 Maret 2025,Harmonik,20,2.9,7.4,53.0,181.0
24 Maret 2025,Low Frequency,1,,2.9,,36.0
24 Maret 2025,Vulkanik Dalam,3,4.4,44.4,11.0,19.0
24 Maret 2025,Tektonik Jauh,1,,2.2,,83.0
25 Maret 2025,Hembusan,8,2.2,7.4,20.0,59.0
25 Maret 2025,Harmonik,19,2.2,7.4,43.0,238.0
25 Maret 2025,Tektonik Lokal,2,5.1,7.4,25.0,29.0
25 Maret 2025,Tektonik Jauh,9,2.9,47.3,42.0,304.0
26 Maret 2025,Hembusan,23,2.9,14.8,25.0,157.0
26 Maret 2025,Harmonik,7,5.9,7.4,68.0,387.0
26 Maret 2025,Vulkanik Dalam,1,,4.4,,11.0
26 Maret 2025,Tektonik Jauh,5,7.4,29.6,50.0,167.0
27 Maret 2025,Hembusan,17,2.9,44.0,32.0,164.0
27 Maret 2025,Harmonik,10,3.7,7.4,62.0,181.0
27 Maret 2025,Low Frequency,1,,7.4,,30.0
27 Maret 2025,Vulkanik Dalam,1,,4.4,,18.0
27 Maret 2025,Tektonik Lokal,2,5.9,14.8,23.0,32.0
27 Maret 2025,Tektonik Jauh,6,4.4,22.2,37.0,180.0
28 Maret 2025,Hembusan,14,3.7,5.9,39.0,128.0
28 Maret 2025,Harmonik,7,4.4,7.4,24.0,91.0
28 Maret 2025,Vulkanik Dalam,2,7.4,11.0,,13.0
28 Maret 2025,Tektonik Lokal,1,,5.9,,24.0
28 Maret 2025,Tektonik Jauh,5,2.9,44.4,87.0,432.0
29 Maret 2025,Hembusan,18,2.2,29.6,41.0,188.0
29 Maret 2025,Harmonik,4,4.4,7.4,87.0,404.0
29 Maret 2025,Vulkanik Dalam,2,2.2,10.5,14.0,16.0
29 Maret 2025,Tektonik Lokal,1,,22.2,,31.0
29 Maret 2025,Tektonik Jauh,4,2.2,47.3,64.0,179.0
30 Maret 2025,Hembusan,14,2.2,5.1,38.0,193.0
30 Maret 2025,Harmonik,7,2.2,7.4,24.0,170.0
30 Maret 2025,Tektonik Lokal,2,,2.9,24.0,29.0
30 Maret 2025,Tektonik Jauh,9,2.9,22.0,42.0,343.0
31 Maret 2025,Hembusan,18,2.2,5.9,31.0,96.0
31 Maret 2025,Low Frequency,1,,4.4,,20.0
31 Maret 2025,Vulkanik Dalam,1,,4.4,,19.0
31 Maret 2025,Tektonik Lokal,2,4.4,7.4,,21.0
31 Maret 2025,Tektonik Jauh,8,2.9,47.3,45.0,225.0
01 April 2025,Hembusan,26,2.2,22.2,20.0,141.0
01 April 2025,Vulkanik Dalam,3,2.2,5.9,12.0,19.0
01 April 2025,Tektonik Lokal,1,,4.4,,23.0
01 April 2025,Tektonik Jauh,10,2.2,47.3,56.0,448.0
01 April 2025,Getaran Banjir,1,,17.1,,2132.0
02 April 2025,Hembusan,21,2.2,10.5,23.0,179.0
02 April 2025,Harmonik,19,3.7,7.4,39.0,175.0
02 April 2025,Low Frequency,1,,2.9,,47.0
02 April 2025,Vulkanik Dalam,4,2.9,7.4,10.0,19.0
02 April 2025,Tektonik Jauh,10,2.2,29.6,51.0,188.0
03 April 2025,Hembusan,14,2.2,9.6,25.0,213.0
03 April 2025,Harmonik,7,5.1,9.6,71.0,136.0
03 April 2025,Vulkanik Dalam,8,3.3,14.8,6.6,20.0
03 April 2025,Tektonik Jauh,3,11.0,29.6,44.0,277.0
04 April 2025,Hembusan,39,2.2,14.8,22.0,168.0
04 April 2025,Low Frequency,1,,2.9,,25.0
04 April 2025,Vulkanik Dalam,3,2.9,13.3,9.9,13.0
04 April 2025,Tektonik Jauh,3,5.9,14.8,71.0,108.0
05 April 2025,Hembusan,20,2.2,10.3,24.0,149.0
05 April 2025,Vulkanik Dalam,9,2.2,10.3,12.0,22.0
05 April 2025,Tektonik Lokal,7,2.9,47.3,16.8,37.0
05 April 2025,Tektonik Jauh,9,2.2,47.3,46.0,613.0
06 April 2025,Hembusan,19,2.2,14.8,24.0,100.0
06 April 2025,Vulkanik Dalam,6,2.2,10.5,11.0,18.0
06 April 2025,Tektonik Lokal,1,,14.8,,27.0
06 April 2025,Tektonik Jauh,7,2.2,47.3,39.0,147.0
07 April 2025,Hembusan,14,2.2,7.4,34.0,189.0
07 April 2025,Harmonik,23,2.2,47.3,64.0,381.0
07 April 2025,Vulkanik Dalam,2,2.9,3.7,12.0,19.0
07 April 2025,Tektonik Lokal,2,14.8,22.9,22.0,24.9
07 April 2025,Tektonik Jauh,4,2.9,14.8,37.0,100.0
08 April 2025,Hembusan,69,2.2,47.3,22.0,161.0
08 April 2025,Harmonik,15,2.9,44.4,51.0,701.0
08 April 2025,Vulkanik Dalam,4,2.9,7.4,12.0,18.0
08 April 2025,Tektonik Lokal,1,,47.3,,35.0
08 April 2025,Tektonik Jauh,7,2.9,29.6,49.0,331.0
09 April 2025,Hembusan,73,2.9,47.3,17.0,153.0
09 April 2025,Harmonik,33,2.2,47.3,47.0,926.0
09 April 2025,Low Frequency,1,,2.9,,25.0
09 April 2025,Vulkanik Dalam,4,2.9,7.4,13.0,22.0
09 April 2025,Tektonik Jauh,4,7.4,31.0,54.0,88.0
10 April 2025,Hembusan,47,2.2,22.0,24.0,105.0
10 April 2025,Harmonik,14,2.9,11.0,40.0,188.0
10 April 2025,Low Frequency,4,4.4,5.1,29.0,32.0
10 April 2025,Vulkanik Dalam,3,7.4,14.8,16.0,23.0
10 April 2025,Tektonik Lokal,4,5.9,47.3,22.0,38.0
10 April 2025,Tektonik Jauh,3,4.4,14.8,178.0,288.0
11 April 2025,Hembusan,24,3.7,29.6,25.0,312.0
11 April 2025,Low Frequency,1,,10.5,,22.0
11 April 2025,Vulkanik Dalam,2,5.9,23.6,11.0,12.0
11 April 2025,Tektonik Jauh,1,,14.8,,66.0
11 April 2025,Getaran Banjir,1,,22.0,,3273.0
12 April 2025,Hembusan,14,2.2,10.5,28.0,98.0
12 April 2025,Harmonik,3,2.2,5.1,51.0,173.0
12 April 2025,Tektonik Lokal,1,,44.4,,26.0
12 April 2025,Tektonik Jauh,4,2.9,17.0,25.0,102.0
13 April 2025,Hembusan,19,2.9,11.0,17.0,87.0
13 April 2025,Harmonik,8,2.9,5.9,33.0,95.0
13 April 2025,Tornillo,1,,2.9,,21.0
13 April 2025,Vulkanik Dalam,4,2.2,5.1,9.0,24.0
13 April 2025,Tektonik Jauh,9,2.9,22.2,45.0,176.0
14 April 2025,Hembusan,17,4.4,37.0,25.0,118.0
14 April 2025,Harmonik,9,2.9,7.4,67.0,182.0
14 April 2025,Low Frequency,1,,5.9,,24.0
14 April 2025,Tektonik Lokal,1,,8.8,,22.0
14 April 2025,Tektonik Jauh,5,5.9,47.3,67.0,203.0
15 April 2025,Hembusan,47,2.2,22.2,24.0,196.0
15 April 2025,Harmonik,29,2.2,14.8,59.0,994.0
15 April 2025,Low Frequency,2,4.4,14.8,30.0,32.0
15 April 2025,Vulkanik Dalam,4,2.2,14.8,11.0,16.0
15 April 2025,Tektonik Lokal,2,5.9,29.6,29.0,34.0
15 April 2025,Tektonik Jauh,3,2.2,10.5,54.0,121.0
16 April 2025,Hembusan,43,2.9,22.2,14.0,206.0
16 April 2025,Harmonik,2,4.4,10.5,22.0,86.0
16 April 2025,Vulkanik Dalam,4,2.9,5.0,10.0,18.0
16 April 2025,Tektonik Lokal,1,,16.0,,27.0
16 April 2025,Tektonik Jauh,7,2.9,10.5,34.0,218.0
17 April 2025,Hembusan,22,2.9,11.0,35.0,186.0
17 April 2025,Harmonik,10,4.4,7.4,38.0,164.0
17 April 2025,Low Frequency,3,2.9,11.0,31.0,54.0
17 April 2025,Vulkanik Dalam,6,3.7,11.8,9.0,19.0
17 April 2025,Tektonik Lokal,2,2.9,5.1,19.0,32.0
17 April 2025,Tektonik Jauh,5,7.4,44.4,32.0,243.0
18 April 2025,Hembusan,35,2.2,11.0,23.0,170.0
18 April 2025,Harmonik,2,,4.4,121.0,147.0
18 April 2025,Low Frequency,2,2.2,5.9,23.0,29.0
18 April 2025,Vulkanik Dalam,6,2.9,11.0,8.0,18.0
18 April 2025,Tektonik Jauh,5,2.9,47.3,52.0,225.0
18 April 2025,Getaran Banjir,2,,7.4,1564.0,2343.0
19 April 2025,Hembusan,26,2.1,7.4,27.0,137.0
19 April 2025,Harmonik,11,2.9,7.4,85.0,170.0
19 April 2025,Low Frequency,1,,4.4,,26.0
19 April 2025,Vulkanik Dalam,8,2.2,17.0,10.0,18.0
19 April 2025,Tektonik Lokal,1,,7.4,,36.0
19 April 2025,Tektonik Jauh,3,4.4,14.8,65.0,80.0
20 April 2025,Hembusan,16,2.9,7.4,34.0,154.0
20 April 2025,Harmonik,5,3.7,7.4,44.0,100.0
20 April 2025,Low Frequency,2,2.9,5.1,22.0,28.0
20 April 2025,Vulkanik Dalam,1,,3.7,,13.0
20 April 2025,Tektonik Lokal,1,,14.8,,20.0
20 April 2025,Tektonik Jauh,6,2.9,22.0,63.0,325.0
20 April 2025,Getaran Banjir,1,,11.0,,1179.0
21 April 2025,Hembusan,47,2.9,14.8,23.0,337.0
21 April 2025,Harmonik,1,,4.4,,103.0
21 April 2025,Vulkanik Dalam,1,,5.0,,8.0
21 April 2025,Tektonik Jauh,3,11.0,44.4,52.0,263.0
22 April 2025,Hembusan,23,2.2,22.2,21.0,208.0
22 April 2025,Harmonik,3,14.0,47.3,102.0,1761.0
22 April 2025,Low Frequency,2,,47.3,17.0,29.0
22 April 2025,Tektonik Lokal,1,,2.9,,23.0
23 April 2025,Hembusan,6,3.7,7.4,31.0,107.0
23 April 2025,Harmonik,32,2.9,47.3,45.0,1676.0
23 April 2025,Vulkanik Dalam,1,,14.8,,8.0
23 April 2025,Tektonik Jauh,4,14.8,44.0,41.0,79.0
24 April 2025,Hembusan,22,3.7,14.8,24.0,63.0
24 April 2025,Harmonik,23,3.7,7.4,33.0,186.0
24 April 2025,Low Frequency,2,5.9,7.4,17.0,26.0
24 April 2025,Vulkanik Dalam,3,5.9,11.0,10.0,15.0
24 April 2025,Tektonik Jauh,2,5.9,11.0,50.0,52.0
25 April 2025,Guguran,2,7.4,11.8,51.0,56.0
25 April 2025,Hembusan,44,2.2,24.4,22.0,314.0
25 April 2025,Harmonik,5,4.4,47.3,50.0,102.0
25 April 2025,Low Frequency,3,4.4,33.3,20.0,58.0
25 April 2025,Vulkanik Dalam,9,2.2,7.4,10.0,22.0
25 April 2025,Tektonik Jauh,1,,4.4,,50.0
26 April 2025,Hembusan,28,2.2,22.9,12.0,125.0
26 April 2025,Low Frequency,4,4.4,8.8,18.0,22.0
26 April 2025,Vulkanik Dalam,6,2.5,4.4,6.0,12.0
26 April 2025,Tektonik Lokal,2,3.7,5.9,19.0,33.0
26 April 2025,Tektonik Jauh,5,2.2,8.0,33.0,131.0
27 April 2025,Hembusan,22,2.2,14.8,13.0,188.0
27 April 2025,Harmonik,2,4.4,7.4,66.0,92.0
27 April 2025,Low Frequency,1,,3.7,,20.0
27 April 2025,Vulkanik Dalam,10,4.4,14.8,8.0,17.0
27 April 2025,Tektonik Lokal,2,4.4,22.0,16.0,23.0
27 April 2025,Tektonik Jauh,4,2.9,7.4,31.0,71.0
28 April 2025,Hembusan,16,2.9,7.4,33.0,157.0
28 April 2025,Harmonik,25,2.9,11.0,34.0,175.0
28 April 2025,Low Frequency,3,2.9,4.4,23.0,27.0
28 April 2025,Vulkanik Dalam,5,2.9,7.4,10.0,14.0
28 April 2025,Tektonik Jauh,4,4.4,11.0,41.0,77.0
28 April 2025,Double Event,2,2.9,6.6,10.0,16.0
29 April 2025,Guguran,4,2.9,14.8,33.0,57.0
29 April 2025,Hembusan,23,2.2,10.5,21.0,108.0
29 April 2025,Harmonik,10,3.7,7.4,56.0,266.0
29 April 2025,Vulkanik Dalam,10,2.9,10.5,10.0,20.0
29 April 2025,Tektonik Lokal,3,4.4,10.5,23.0,29.0
29 April 2025,Tektonik Jauh,8,2.9,10.5,45.0,279.0
30 April 2025,Hembusan,14,2.2,7.4,36.0,184.0
30 April 2025,Harmonik,18,2.9,7.4,61.0,282.0
30 April 2025,Vulkanik Dalam,11,2.9,29.6,9.0,20.0
30 April 2025,Tektonik Lokal,2,4.4,10.5,33.0,35.0
30 April 2025,Tektonik Jauh,9,2.2,29.6,44.0,170.0
01 Mei 2025,Guguran,3,2.9,14.8,82.0,96.0
01 Mei 2025,Hembusan,26,2.9,14.8,22.0,91.0
01 Mei 2025,Harmonik,11,2.2,10.5,68.0,220.0
01 Mei 2025,Low Frequency,1,,2.2,,26.0
01 Mei 2025,Vulkanik Dalam,18,2.2,29.6,9.0,19.0
01 Mei 2025,Tektonik Lokal,1,,7.4,,35.0
01 Mei 2025,Tektonik Jauh,5,2.2,22.2,43.0,172.0
02 Mei 2025,Guguran,4,7.4,22.2,38.0,83.0
02 Mei 2025,Hembusan,21,4.4,14.8,24.0,158.0
02 Mei 2025,Harmonik,17,4.4,22.2,42.0,311.0
02 Mei 2025,Low Frequency,2,4.4,7.4,21.0,22.0
02 Mei 2025,Vulkanik Dalam,10,4.4,29.6,11.0,19.0
02 Mei 2025,Tektonik Lokal,1,,14.8,,39.0
02 Mei 2025,Tektonik Jauh,5,3.7,14.8,50.0,99.0
03 Mei 2025,Hembusan,15,3.7,18.5,32.0,116.0
03 Mei 2025,Harmonik,18,4.4,14.8,31.0,94.0
03 Mei 2025,Vulkanik Dalam,14,2.9,14.8,9.0,17.0
03 Mei 2025,Tektonik Jauh,2,11.0,44.4,52.0,133.0
04 Mei 2025,Hembusan,26,2.2,14.8,21.0,97.0
04 Mei 2025,Harmonik,8,4.4,14.8,25.0,105.0
04 Mei 2025,Low Frequency,1,,2.9,,28.0
04 Mei 2025,Vulkanik Dalam,11,2.2,7.4,9.0,16.0
04 Mei 2025,Tektonik Lokal,4,4.4,14.8,21.0,37.0
04 Mei 2025,Tektonik Jauh,11,2.9,29.6,50.0,155.0
05 Mei 2025,Hembusan,10,2.2,7.4,25.0,146.0
05 Mei 2025,Harmonik,31,2.2,7.4,39.0,324.0
05 Mei 2025,Low Frequency,2,2.9,5.9,20.0,24.0
05 Mei 2025,Vulkanik Dalam,4,2.9,6.6,13.0,17.0
05 Mei 2025,Tektonik Lokal,1,,4.4,,21.0
05 Mei 2025,Tektonik Jauh,8,2.9,22.0,42.0,157.0
06 Mei 2025,Hembusan,36,2.2,10.5,24.0,235.0
06 Mei 2025,Harmonik,12,2.2,7.4,31.0,257.0
06 Mei 2025,Low Frequency,2,4.4,7.4,28.0,37.0
06 Mei 2025,Vulkanik Dalam,7,2.9,14.8,10.0,21.0
06 Mei 2025,Tektonik Lokal,2,5.9,22.2,18.0,29.0
06 Mei 2025,Tektonik Jauh,3,4.4,7.4,46.0,145.0
07 Mei 2025,Hembusan,22,2.2,14.8,24.0,221.0
07 Mei 2025,Harmonik,16,2.9,7.4,74.0,280.0
07 Mei 2025,Low Frequency,1,,4.4,,29.0
07 Mei 2025,Vulkanik Dalam,4,4.4,7.4,10.0,16.0
07 Mei 2025,Tektonik Lokal,3,5.9,29.6,20.0,26.0
07 Mei 2025,Tektonik Jauh,7,2.2,11.0,43.0,193.0
08 Mei 2025,Hembusan,11,2.2,5.9,30.0,147.0
08 Mei 2025,Harmonik,19,2.9,7.4,40.0,273.0
08 Mei 2025,Low Frequency,2,2.9,4.4,20.0,23.0
08 Mei 2025,Vulkanik Dalam,8,2.9,7.4,9.0,16.0
08 Mei 2025,Tektonik Lokal,2,4.4,14.8,20.0,46.0
08 Mei 2025,Tektonik Jauh,4,2.9,29.6,39.0,79.0
09 Mei 2025,Hembusan,15,2.9,14.8,30.0,267.0
09 Mei 2025,Harmonik,11,2.9,7.4,54.0,126.0
09 Mei 2025,Vulkanik Dalam,6,2.2,14.8,12.0,19.0
09 Mei 2025,Tektonik Jauh,3,2.9,22.2,41.0,124.0
10 Mei 2025,Hembusan,15,2.9,14.8,34.0,226.0
10 Mei 2025,Harmonik,13,2.9,7.4,58.0,148.0
10 Mei 2025,Low Frequency,4,2.2,7.4,18.0,28.0
10 Mei 2025,Vulkanik Dalam,3,3.7,47.3,11.0,17.0
10 Mei 2025,Tektonik Lokal,2,2.2,10.5,22.0,27.0
10 Mei 2025,Tektonik Jauh,3,2.2,47.3,58.0,248.0
10 Mei 2025,Getaran Banjir,2,11.0,14.8,787.0,2388.0
11 Mei 2025,Hembusan,11,2.2,7.4,30.0,107.0
11 Mei 2025,Harmonik,7,2.2,7.4,78.0,320.0
11 Mei 2025,Low Frequency,3,2.2,3.7,20.0,28.0
11 Mei 2025,Vulkanik Dalam,4,5.9,29.6,12.0,22.0
11 Mei 2025,Tektonik Lokal,3,4.4,11.0,22.0,29.0
11 Mei 2025,Tektonik Jauh,6,2.2,29.6,46.0,272.0
12 Mei 2025,Hembusan,24,2.2,7.4,20.0,154.0
12 Mei 2025,Harmonik,8,2.9,7.4,89.0,149.0
12 Mei 2025,Low Frequency,6,2.2,3.7,25.0,46.0
12 Mei 2025,Vulkanik Dalam,3,2.2,47.3,10.0,16.0
12 Mei 2025,Tektonik Jauh,7,2.9,44.4,40.0,99.0
13 Mei 2025,Hembusan,30,2.2,10.5,25.0,199.0
13 Mei 2025,Harmonik,19,2.2,7.4,24.0,192.0
13 Mei 2025,Low Frequency,1,,4.4,,23.0
13 Mei 2025,Vulkanik Dalam,3,2.2,4.4,10.0,16.0
13 Mei 2025,Tektonik Lokal,3,4.4,44.4,25.0,28.0
13 Mei 2025,Tektonik Jauh,6,3.7,10.5,52.0,145.0
14 Mei 2025,Hembusan,16,2.2,5.9,32.0,96.0
14 Mei 2025,Harmonik,16,2.2,7.4,61.0,228.0
14 Mei 2025,Low Frequency,7,2.9,4.4,19.0,228.0
14 Mei 2025,Vulkanik Dalam,2,4.4,14.8,10.0,15.0
14 Mei 2025,Tektonik Jauh,6,2.9,8.8,44.0,245.0
15 Mei 2025,Hembusan,11,2.2,7.4,46.0,115.0
15 Mei 2025,Harmonik,19,2.9,7.4,46.0,248.0
15 Mei 2025,Vulkanik Dalam,6,2.9,4.4,11.0,16.0
15 Mei 2025,Tektonik Lokal,1,,22.0,,22.0
15 Mei 2025,Tektonik Jauh,7,3.7,47.3,37.0,316.0
16 Mei 2025,Hembusan,17,2.9,10.5,23.0,140.0
16 Mei 2025,Harmonik,11,2.9,7.5,32.0,97.0
16 Mei 2025,Low Frequency,2,2.9,5.9,22.0,25.0
16 Mei 2025,Vulkanik Dalam,5,2.2,47.3,10.0,16.0
16 Mei 2025,Tektonik Lokal,1,,2.9,,22.0
16 Mei 2025,Tektonik Jauh,5,2.9,10.5,75.0,131.0
17 Mei 2025,Hembusan,25,2.2,7.4,20.0,123.0
17 Mei 2025,Harmonik,5,4.4,10.5,73.0,97.0
17 Mei 2025,Low Frequency,3,,2.9,21.0,33.0
17 Mei 2025,Vulkanik Dalam,3,2.2,4.4,10.0,12.0
17 Mei 2025,Tektonik Lokal,3,2.2,47.3,24.0,32.0
17 Mei 2025,Tektonik Jauh,10,2.2,14.6,62.0,190.0
18 Mei 2025,Hembusan,21,2.9,47.3,22.0,269.0
18 Mei 2025,Harmonik,6,7.4,47.3,128.0,226.0
18 Mei 2025,Low Frequency,2,3.7,7.4,20.0,21.0
18 Mei 2025,Vulkanik Dalam,2,7.4,10.5,10.0,19.0
18 Mei 2025,Tektonik Lokal,1,,37.0,,28.0
18 Mei 2025,Tektonik Jauh,6,7.4,44.0,43.0,128.0
19 Mei 2025,Hembusan,19,2.9,47.3,30.0,190.0
19 Mei 2025,Harmonik,18,5.1,47.3,65.0,9279.0
20 Mei 2025,Hembusan,9,3.7,11.0,31.0,57.0
20 Mei 2025,Harmonik,18,4.4,7.4,31.0,104.0
20 Mei 2025,Low Frequency,1,,4.4,,19.0
20 Mei 2025,Vulkanik Dalam,9,2.9,14.8,8.0,15.0
20 Mei 2025,Tektonik Lokal,1,,5.9,,30.0
20 Mei 2025,Tektonik Jauh,3,5.1,29.6,43.0,323.0
21 Mei 2025,Hembusan,4,2.9,10.5,26.0,54.0
21 Mei 2025,Harmonik,11,2.9,10.5,43.0,145.0
21 Mei 2025,Vulkanik Dalam,14,2.9,22.2,10.0,19.0
21 Mei 2025,Tektonik Lokal,3,7.4,14.2,25.0,36.0
21 Mei 2025,Tektonik Jauh,7,5.9,47.3,52.0,198.0
22 Mei 2025,Hembusan,7,2.9,14.8,26.0,57.0
22 Mei 2025,Harmonik,14,2.9,9.6,50.0,302.0
22 Mei 2025,Vulkanik Dalam,23,2.2,14.8,10.0,19.0
22 Mei 2025,Tektonik Lokal,1,,5.9,,32.0
22 Mei 2025,Tektonik Jauh,7,2.2,14.8,42.0,193.0
